feature,coefficient
15Noise_125Hz_Shipping_20181122,0.05973953753709793
13Infrastructure,0.0
32Nitrogen_Background,-0.030303671956062317
