{
  "pearson_r": 0.25568345189094543,
  "pearson_p": 0.0,
  "spearman_r": 0.1270910554457627,
  "spearman_p": 0.0,
  "n": 743775,
  "n_pixels": 743775,
  "layer_a": "01Porpoise_Baltic",
  "layer_b": "32Nitrogen_Background"
}